Workbook

Sheet Apresentação
A1: TAXA DE ASSINATURA 1BD
A2: RM | B2: Base | C2: Taxa de assinatura em 1BD | D2: Total | E2: Assinado | F2: Não Assinado
A3: RM | B3: 网点 | C3: 1BD签收率 | D3: 合计 | E3: 已签收 | F3: 未签收
A4: =_xlfn.XLOOKUP(B4,RM!A:A,RM!B:B,2,0) -> Thiago Santos | B4: PPB-SP | C4: =E4/D4 -> 0.3125 | D4: =_xlfn.XLOOKUP(B4,din!B:B,din!F:F) -> 32 | E4: =_xlfn.XLOOKUP(B4,din!B:B,din!D:D) -> 10 | F4: =_xlfn.XLOOKUP(B4,din!B:B,din!C:C) -> 22
A5: =_xlfn.XLOOKUP(B5,RM!A:A,RM!B:B,2,0) -> Thiago Santos | B5: BAU 04-SP | C5: =E5/D5 -> 0.36363636 | D5: =_xlfn.XLOOKUP(B5,din!B:B,din!F:F) -> 22 | E5: =_xlfn.XLOOKUP(B5,din!B:B,din!D:D) -> 8 | F5: =_xlfn.XLOOKUP(B5,din!B:B,din!C:C) -> 14
A6: =_xlfn.XLOOKUP(B6,RM!A:A,RM!B:B,2,0) -> Danilo Gomes | B6: SJP 03-SP | C6: =E6/D6 -> 0.5862069 | D6: =_xlfn.XLOOKUP(B6,din!B:B,din!F:F) -> 29 | E6: =_xlfn.XLOOKUP(B6,din!B:B,din!D:D) -> 17 | F6: =_xlfn.XLOOKUP(B6,din!B:B,din!C:C) -> 12
A7: =_xlfn.XLOOKUP(B7,RM!A:A,RM!B:B,2,0) -> Danilo Gomes | B7: FRC 03-SP | C7: =E7/D7 -> 0.33333333 | D7: =_xlfn.XLOOKUP(B7,din!B:B,din!F:F) -> 15 | E7: =_xlfn.XLOOKUP(B7,din!B:B,din!D:D) -> 5 | F7: =_xlfn.XLOOKUP(B7,din!B:B,din!C:C) -> 10
A8: =_xlfn.XLOOKUP(B8,RM!A:A,RM!B:B,2,0) -> Danilo Gomes | B8: ARA-SP | C8: =E8/D8 -> 0.2 | D8: =_xlfn.XLOOKUP(B8,din!B:B,din!F:F) -> 10 | E8: =_xlfn.XLOOKUP(B8,din!B:B,din!D:D) -> 2 | F8: =_xlfn.XLOOKUP(B8,din!B:B,din!C:C) -> 8
A9: =_xlfn.XLOOKUP(B9,RM!A:A,RM!B:B,2,0) -> Thiago Santos | B9: BGI-SP | C9: =E9/D9 -> 0.38461538 | D9: =_xlfn.XLOOKUP(B9,din!B:B,din!F:F) -> 13 | E9: =_xlfn.XLOOKUP(B9,din!B:B,din!D:D) -> 5 | F9: =_xlfn.XLOOKUP(B9,din!B:B,din!C:C) -> 8
A10: =_xlfn.XLOOKUP(B10,RM!A:A,RM!B:B,2,0) -> Thiago Santos | B10: F ASI-SP | C10: =E10/D10 -> 0.3 | D10: =_xlfn.XLOOKUP(B10,din!B:B,din!F:F) -> 10 | E10: =_xlfn.XLOOKUP(B10,din!B:B,din!D:D) -> 3 | F10: =_xlfn.XLOOKUP(B10,din!B:B,din!C:C) -> 7
A11: =_xlfn.XLOOKUP(B11,RM!A:A,RM!B:B,2,0) -> Thiago Santos | B11: BTC-SP | C11: =E11/D11 -> 0.5 | D11: =_xlfn.XLOOKUP(B11,din!B:B,din!F:F) -> 12 | E11: =_xlfn.XLOOKUP(B11,din!B:B,din!D:D) -> 6 | F11: =_xlfn.XLOOKUP(B11,din!B:B,din!C:C) -> 6
A12: =_xlfn.XLOOKUP(B12,RM!A:A,RM!B:B,2,0) -> Danilo Gomes | B12: RAO-SP | C12: =E12/D12 -> 0.5 | D12: =_xlfn.XLOOKUP(B12,din!B:B,din!F:F) -> 12 | E12: =_xlfn.XLOOKUP(B12,din!B:B,din!D:D) -> 6 | F12: =_xlfn.XLOOKUP(B12,din!B:B,din!C:C) -> 6
A13: =_xlfn.XLOOKUP(B13,RM!A:A,RM!B:B,2,0) -> Danilo Gomes | B13: SJP 02-SP | C13: =E13/D13 -> 0.45454545 | D13: =_xlfn.XLOOKUP(B13,din!B:B,din!F:F) -> 11 | E13: =_xlfn.XLOOKUP(B13,din!B:B,din!D:D) -> 5 | F13: =_xlfn.XLOOKUP(B13,din!B:B,din!C:C) -> 6
A14: =_xlfn.XLOOKUP(B14,RM!A:A,RM!B:B,2,0) -> Danilo Gomes | B14: SJP 04-SP | C14: =E14/D14 -> 0.33333333 | D14: =_xlfn.XLOOKUP(B14,din!B:B,din!F:F) -> 9 | E14: =_xlfn.XLOOKUP(B14,din!B:B,din!D:D) -> 3 | F14: =_xlfn.XLOOKUP(B14,din!B:B,din!C:C) -> 6
A15: =_xlfn.XLOOKUP(B15,RM!A:A,RM!B:B,2,0) -> Thiago Santos | B15: BAU 03-SP | C15: =E15/D15 -> 0.44444444 | D15: =_xlfn.XLOOKUP(B15,din!B:B,din!F:F) -> 9 | E15: =_xlfn.XLOOKUP(B15,din!B:B,din!D:D) -> 4 | F15: =_xlfn.XLOOKUP(B15,din!B:B,din!C:C) -> 5
... A88: =_xlfn.XLOOKUP(B88,RM!A:A,RM!B:B,2,0) -> Danilo Gomes | B88: F ORS-SP | C88: =E88/D88 -> 1 | D88: =_xlfn.XLOOKUP(B88,din!B:B,din!F:F) -> 2 | E88: =_xlfn.XLOOKUP(B88,din!B:B,din!D:D) -> 2 | F88: =_xlfn.XLOOKUP(B88,din!B:B,din!C:C) -> 0

Sheet din
B3: Contagem de 派件网点 Base de Entrega | C3: Rótulos de Coluna
B4: Rótulos de Linha | C4: Não | D4: Sim | E4: (vazio) | F4: Total Geral
B5: ARA-SP | C5: 8 | D5: 2 | F5: 10
B6: ARU 02-SP | C6: 2 | D6: 3 | F6: 5
B7: ARU-SP | C7: 2 | D7: 2 | F7: 4
B8: AVR-SP | C8: 4 | D8: 3 | F8: 7
B9: BAU 02-SP | C9: 1 | D9: 2 | F9: 3
B10: BAU 03-SP | C10: 5 | D10: 4 | F10: 9
B11: BAU 04-SP | C11: 14 | D11: 8 | F11: 22
B12: BBD-SP | C12: 1 | D12: 2 | F12: 3
B13: BGI-SP | C13: 8 | D13: 5 | F13: 13
B14: BTC-SP | C14: 6 | D14: 6 | F14: 12
B15: BTT-SP | C15: 1 | D15: 2 | F15: 3
B16: CPE-SP | C16: 1 | D16: 13 | F16: 14
B17: DCN SP | D17: 2 | F17: 2
B18: F AMB-SP | C18: 1 | D18: 1 | F18: 2
B19: F AND-SP | D19: 1 | F19: 1
B20: F ASI-SP | C20: 7 | D20: 3 | F20: 10
B21: F BAT-SP | D21: 3 | F21: 3
B22: F BDB-SP | C22: 2 | F22: 2
B23: F CTD-SP | C23: 2 | D23: 3 | F23: 5
B24: F GNS-SP | C24: 1 | F24: 1
B25: F GPC-SP | C25: 1 | F25: 1
B26: F GRC-SP | D26: 2 | F26: 2
B27: F GRR-SP | C27: 1 | F27: 1
B28: F IBG-SP | D28: 1 | F28: 1
B29: F ITV 02-SP | C29: 1 | F29: 1
B30: F JAU-SP | C30: 1 | D30: 1 | F30: 2
B31: F LCP-SP | D31: 1 | F31: 1
B32: F LNS-SP | C32: 1 | D32: 10 | F32: 11
B33: F MAP-SP | C33: 1 | D33: 1 | F33: 2
B34: F MAT-SP | C34: 2 | F34: 2
B35: F MII-SP | C35: 2 | D35: 2 | F35: 4
B36: F MRS-SP | C36: 1 | D36: 3 | F36: 4
B37: F MTT-SP | C37: 2 | D37: 1 | F37: 3
B38: F NVG-SP | C38: 1 | D38: 3 | F38: 4
B39: F OLI-SP | C39: 2 | D39: 1 | F39: 3
B40: F OSW-SP | D40: 1 | F40: 1
B41: F OUR-SP | C41: 3 | D41: 4 | F41: 7
B42: F PNP-SP | D42: 3 | F42: 3
B43: F PRE-SP | C43: 1 | D43: 2 | F43: 3
B44: F PRP-SP | C44: 1 | D44: 3 | F44: 4
B45: F PTG-SP | C45: 1 | F45: 1
B46: F QSC 03-SP | C46: 1 | D46: 2 | F46: 3
B47: F RAO 02-SP | C47: 4 | D47: 5 | F47: 9
B48: F RPD-SP | C48: 1 | F48: 1
B49: F RSN-SP | C49: 1 | F49: 1
B50: F SBV 02-SP | C50: 1 | F50: 1
B51: F SJB-SP | C51: 1 | D51: 1 | F51: 2
B52: F SML-SP | C52: 1 | F52: 1
B53: F SNA-SP | C53: 1 | D53: 1 | F53: 2
B54: F SRV-SP | C54: 1 | F54: 1
B55: F STF-SP | D55: 1 | F55: 1
B56: F TGI-SP | D56: 1 | F56: 1
B57: F TPA-SP | C57: 1 | F57: 1
B58: F TQA-SP | D58: 3 | F58: 3
B59: F TQT-SP | C59: 1 | D59: 1 | F59: 2
B60: F TSP-SP | D60: 2 | F60: 2
B61: F VTP-SP | C61: 2 | F61: 2
B62: FERN-SP | C62: 1 | D62: 7 | F62: 8
B63: FRC 02-SP | C63: 1 | D63: 5 | F63: 6
B64: FRC 03-SP | C64: 10 | D64: 5 | F64: 15
B65: JBT-SP | D65: 1 | F65: 1
B66: MII-SP | C66: 5 | D66: 3 | F66: 8
B67: PDR-SP | C67: 1 | D67: 1 | F67: 2
B68: PPB-SP | C68: 22 | D68: 10 | F68: 32
B69: PRSS-SP | C69: 2 | D69: 1 | F69: 3
B70: RAO 02-SP | C70: 4 | D70: 2 | F70: 6
B71: RAO 03-SP | C71: 1 | D71: 1 | F71: 2
B72: RAO-SP | C72: 6 | D72: 6 | F72: 12
B73: SCL-SP | C73: 3 | D73: 3 | F73: 6
B74: SJP 02-SP | C74: 6 | D74: 5 | F74: 11
B75: SJP 03-SP | C75: 12 | D75: 17 | F75: 29
B76: SJP 04-SP | C76: 6 | D76: 3 | F76: 9
B77: SJP-SP | C77: 2 | D77: 1 | F77: 3
B78: VGS-SP | C78: 1 | F78: 1
B79: (vazio)
B80: F AUR-SP | C80: 5 | D80: 1 | F80: 6
B81: F ADM-SP | D81: 1 | F81: 1
B82: F PRC-SP | C82: 1 | F82: 1
B83: F DCR-SP | C83: 1 | F83: 1
B84: F MTN-SP | D84: 1 | F84: 1
B85: F PDP-SP | D85: 1 | F85: 1
B86: F AGI-SP | C86: 3 | F86: 3
B87: F ITT-SP | D87: 1 | F87: 1
B88: F PRJ-SP | C88: 1 | F88: 1
B89: F RCR-SP | C89: 1 | D89: 1 | F89: 2
B90: F ORS-SP | D90: 2 | F90: 2
B91: Total Geral | C91: 199 | D91: 200 | F91: 399

Sheet detalhes
A1: 工单编号 Pedido | B1: 运单号 Remessa | C1: 工单状态 Status de Chamado | D1: 二级类型名称 Nome de tipo de nível II | E1: 登记时间 data de registro | F1: 派件网点 Base de Entrega | G1: 区域 Regional | H1: 签收时间 Tempo de assinatura | I1: 是否签收 Se foi assinado | J1: RM
A2: 5349055908868 | B2: 999881956082735 | C2: Processamento concluído|处理完成 | D2: [LATAM] Delivery progress enquiry | E2: 2026-09-15 00:07:27 | F2: RAO 02-SP | G2: SPN | H2: 0 | I2: Não | J2: =VLOOKUP(F2,'[1]BASE DE DADOS'!$A:$C,3,0) -> DANILO GOMES DA SILVA
A3: 5351456423684 | B3: 999882009737373 | C3: Fechado|已关闭 | D3: [LATAM] Delivery progress enquiry | E3: 2026-09-15 00:18:35 | F3: F PRE-SP | G3: SPN | H3: 2026-09-15 18:12:29 | I3: Sim | J3: =VLOOKUP(F3,'[1]BASE DE DADOS'!$A:$C,3,0) -> THIAGO SANTOS SILVA
A4: 5351644324612 | B4: 999881991310957 | C4: Fechado|已关闭 | D4: [LATAM] Delivery progress enquiry | E4: 2026-09-15 00:24:05 | F4: PPB-SP | G4: SPN | H4: 2026-09-16 08:45:26 | I4: Sim | J4: =VLOOKUP(F4,'[1]BASE DE DADOS'!$A:$C,3,0) -> THIAGO SANTOS SILVA
A5: 5351563801348 | B5: 999882024015515 | C5: Fechado|已关闭 | D5: [LATAM] Delivery progress enquiry | E5: 2026-09-15 00:26:27 | F5: CPE-SP | G5: SPN | H5: 2026-09-15 18:48:48 | I5: Sim | J5: =VLOOKUP(F5,'[1]BASE DE DADOS'!$A:$C,3,0) -> DANILO GOMES DA SILVA
A6: 5351575285252 | B6: 999881970012728 | C6: Processamento concluído|处理完成 | D6: [LATAM] Delivery progress enquiry | E6: 2026-09-15 00:49:38 | F6: F OUR-SP | G6: SPN | H6: 0 | I6: Não | J6: =VLOOKUP(F6,'[1]BASE DE DADOS'!$A:$C,3,0) -> THIAGO SANTOS SILVA
A7: 5350348114948 | B7: 999882004999913 | C7: Fechado|已关闭 | D7: [LATAM] Delivery progress enquiry | E7: 2026-09-15 00:55:57 | F7: PPB-SP | G7: SPN | H7: 0 | I7: Não | J7: =VLOOKUP(F7,'[1]BASE DE DADOS'!$A:$C,3,0) -> THIAGO SANTOS SILVA
A8: 5354322214660 | B8: 999881944404526 | C8: Fechado|已关闭 | D8: [LATAM] Delivery progress enquiry | E8: 2026-09-15 04:21:42 | F8: ARA-SP | G8: SPN | H8: 0 | I8: Não | J8: =VLOOKUP(F8,'[1]BASE DE DADOS'!$A:$C,3,0) -> DANILO GOMES DA SILVA
A9: 5354703807492 | B9: 999882001712152 | C9: Fechado|已关闭 | D9: [LATAM] Delivery progress enquiry | E9: 2026-09-15 04:22:59 | F9: F GRC-SP | G9: SPN | H9: 2026-09-15 12:41:01 | I9: Sim | J9: =VLOOKUP(F9,'[1]BASE DE DADOS'!$A:$C,3,0) -> THIAGO SANTOS SILVA
A10: 5355357589252 | B10: 999881975403178 | C10: Fechado|已关闭 | D10: [LATAM] Delivery progress enquiry | E10: 2026-09-15 05:47:02 | F10: BGI-SP | G10: SPN | H10: 2026-09-15 11:10:19 | I10: Sim | J10: =VLOOKUP(F10,'[1]BASE DE DADOS'!$A:$C,3,0) -> THIAGO SANTOS SILVA
A11: 5355537356804 | B11: 999882012302110 | C11: Fechado|已关闭 | D11: [LATAM] Delivery progress enquiry | E11: 2026-09-15 06:08:43 | F11: FERN-SP | G11: SPN | H11: 2026-09-15 17:51:59 | I11: Sim | J11: =VLOOKUP(F11,'[1]BASE DE DADOS'!$A:$C,3,0) -> DANILO GOMES DA SILVA
A12: 5356525389316 | B12: 999882025485969 | C12: Fechado|已关闭 | D12: [LATAM] Delivery progress enquiry | E12: 2026-09-15 06:13:51 | F12: FRC 02-SP | G12: SPN | H12: 2026-09-15 13:41:00 | I12: Sim | J12: =VLOOKUP(F12,'[1]BASE DE DADOS'!$A:$C,3,0) -> DANILO GOMES DA SILVA
A13: 5355732731908 | B13: 999882018120466 | C13: Fechado|已关闭 | D13: [LATAM] Delivery progress enquiry | E13: 2026-09-15 06:23:41 | F13: F CTD-SP | G13: SPN | H13: 2026-09-15 10:37:00 | I13: Sim | J13: =VLOOKUP(F13,'[1]BASE DE DADOS'!$A:$C,3,0) -> DANILO GOMES DA SILVA
A14: 5356104449796 | B14: 999882018120466 | C14: Fechado|已关闭 | D14: [LATAM] Delivery progress enquiry | E14: 2026-09-15 06:26:57 | F14: F CTD-SP | G14: SPN | H14: 2026-09-15 10:37:00 | I14: Sim | J14: =VLOOKUP(F14,'[1]BASE DE DADOS'!$A:$C,3,0) -> DANILO GOMES DA SILVA
A15: 5356253928196 | B15: 999881998096949 | C15: Fechado|已关闭 | D15: [LATAM] Delivery progress enquiry | E15: 2026-09-15 06:27:03 | F15: CPE-SP | G15: SPN | H15: 2026-09-15 14:33:42 | I15: Sim | J15: =VLOOKUP(F15,'[1]BASE DE DADOS'!$A:$C,3,0) -> DANILO GOMES DA SILVA
A16: 5355731187716 | B16: 999881996354501 | C16: Fechado|已关闭 | D16: [LATAM] Delivery progress enquiry | E16: 2026-09-15 06:28:35 | F16: PPB-SP | G16: SPN | H16: 0 | I16: Não | J16: =VLOOKUP(F16,'[1]BASE DE DADOS'!$A:$C,3,0) -> THIAGO SANTOS SILVA
A17: 5355565539844 | B17: 999882040625158 | C17: Fechado|已关闭 | D17: [LATAM] Delivery progress enquiry | E17: 2026-09-15 06:32:47 | F17: ARA-SP | G17: SPN | H17: 0 | I17: Não | J17: =VLOOKUP(F17,'[1]BASE DE DADOS'!$A:$C,3,0) -> DANILO GOMES DA SILVA
A18: 5356360762372 | B18: 999881995829580 | C18: Fechado|已关闭 | D18: [LATAM] Delivery progress enquiry | E18: 2026-09-15 06:35:48 | F18: FERN-SP | G18: SPN | H18: 2026-09-15 14:05:35 | I18: Sim | J18: =VLOOKUP(F18,'[1]BASE DE DADOS'!$A:$C,3,0) -> DANILO GOMES DA SILVA
A19: 5356254324740 | B19: 999881992801413 | C19: Fechado|已关闭 | D19: [LATAM] Delivery progress enquiry | E19: 2026-09-15 06:38:51 | F19: SJP 03-SP | G19: SPN | H19: 2026-09-15 15:45:29 | I19: Sim | J19: =VLOOKUP(F19,'[1]BASE DE DADOS'!$A:$C,3,0) -> DANILO GOMES DA SILVA
A20: 5355674639364 | B20: 999882037044685 | C20: Fechado|已关闭 | D20: [LATAM] Delivery progress enquiry | E20: 2026-09-15 06:54:30 | F20: RAO 02-SP | G20: SPN | H20: 2026-09-15 11:12:32 | I20: Sim | J20: =VLOOKUP(F20,'[1]BASE DE DADOS'!$A:$C,3,0) -> DANILO GOMES DA SILVA
A21: 5355763592964 | B21: 999881988785009 | C21: Fechado|已关闭 | D21: [LATAM] Delivery progress enquiry | E21: 2026-09-15 06:56:26 | F21: CPE-SP | G21: SPN | H21: 2026-09-15 10:39:24 | I21: Sim | J21: =VLOOKUP(F21,'[1]BASE DE DADOS'!$A:$C,3,0) -> DANILO GOMES DA SILVA
A22: 5355123852036 | B22: 999882031882568 | C22: Fechado|已关闭 | D22: [LATAM] Delivery progress enquiry | E22: 2026-09-15 06:57:51 | F22: SCL-SP | G22: SPN | H22: 2026-09-15 10:35:18 | I22: Sim | J22: =VLOOKUP(F22,'[1]BASE DE DADOS'!$A:$C,3,0) -> DANILO GOMES DA SILVA
A23: 5356178814724 | B23: 999881995199640 | C23: Fechado|已关闭 | D23: [LATAM] Delivery progress enquiry | E23: 2026-09-15 06:58:01 | F23: PPB-SP | G23: SPN | H23: 0 | I23: Não | J23: =VLOOKUP(F23,'[1]BASE DE DADOS'!$A:$C,3,0) -> THIAGO SANTOS SILVA
A24: 5355133978116 | B24: 999881979864531 | C24: Fechado|已关闭 | D24: [LATAM] Delivery progress enquiry | E24: 2026-09-15 06:58:53 | F24: F OUR-SP | G24: SPN | H24: 2026-09-15 11:56:24 | I24: Sim | J24: =VLOOKUP(F24,'[1]BASE DE DADOS'!$A:$C,3,0) -> THIAGO SANTOS SILVA
A25: 5356567004932 | B25: 999882016156268 | C25: Fechado|已关闭 | D25: [LATAM] Delivery progress enquiry | E25: 2026-09-15 07:00:46 | F25: BBD-SP | G25: SPN | H25: 2026-09-15 10:20:16 | I25: Sim | J25: =VLOOKUP(F25,'[1]BASE DE DADOS'!$A:$C,3,0) -> DANILO GOMES DA SILVA
A26: 5356807246596 | B26: 999882025285706 | C26: Fechado|已关闭 | D26: [LATAM] Delivery progress enquiry | E26: 2026-09-15 07:05:06 | F26: MII-SP | G26: SPN | H26: 2026-09-15 16:38:27 | I26: Sim | J26: =VLOOKUP(F26,'[1]BASE DE DADOS'!$A:$C,3,0) -> THIAGO SANTOS SILVA
A27: 5356139566596 | B27: 999882033211525 | C27: Fechado|已关闭 | D27: [LATAM] Delivery progress enquiry | E27: 2026-09-15 07:08:30 | F27: RAO 02-SP | G27: SPN | H27: 0 | I27: Não | J27: =VLOOKUP(F27,'[1]BASE DE DADOS'!$A:$C,3,0) -> DANILO GOMES DA SILVA
A28: 5356202766596 | B28: 999882045956628 | C28: Fechado|已关闭 | D28: [LATAM] Delivery progress enquiry | E28: 2026-09-15 07:24:38 | F28: PRSS-SP | G28: SPN | H28: 2026-09-15 09:59:47 | I28: Sim | J28: =VLOOKUP(F28,'[1]BASE DE DADOS'!$A:$C,3,0) -> DANILO GOMES DA SILVA
A29: 5356140331268 | B29: 999882036567477 | C29: Fechado|已关闭 | D29: [LATAM] Delivery progress enquiry | E29: 2026-09-15 07:26:14 | F29: F TQA-SP | G29: SPN | H29: 2026-09-15 08:53:10 | I29: Sim | J29: =VLOOKUP(F29,'[1]BASE DE DADOS'!$A:$C,3,0) -> DANILO GOMES DA SILVA
A30: 5357091030788 | B30: 999881992256868 | C30: Processamento concluído|处理完成 | D30: [LATAM] Delivery progress enquiry | E30: 2026-09-15 07:29:28 | F30: F ITV 02-SP | G30: SPN | H30: 0 | I30: Não | J30: =VLOOKUP(F30,'[1]BASE DE DADOS'!$A:$C,3,0) -> DANILO GOMES DA SILVA
A31: 5357998835972 | B31: 999881961927399 | C31: Fechado|已关闭 | D31: [LATAM] Delivery progress enquiry | E31: 2026-09-15 07:37:00 | F31: FERN-SP | G31: SPN | H31: 2026-09-15 12:41:22 | I31: Sim | J31: =VLOOKUP(F31,'[1]BASE DE DADOS'!$A:$C,3,0) -> DANILO GOMES DA SILVA
A32: 5356868188164 | B32: 999881911512043 | C32: Fechado|已关闭 | D32: [LATAM] Delivery progress enquiry | E32: 2026-09-15 07:37:21 | F32: PPB-SP | G32: SPN | H32: 0 | I32: Não | J32: =VLOOKUP(F32,'[1]BASE DE DADOS'!$A:$C,3,0) -> THIAGO SANTOS SILVA
A33: 5357667031812 | B33: 999881968421395 | C33: Fechado|已关闭 | D33: [LATAM] Delivery progress enquiry | E33: 2026-09-15 07:46:45 | F33: BBD-SP | G33: SPN | H33: 2026-09-15 10:16:16 | I33: Sim | J33: =VLOOKUP(F33,'[1]BASE DE DADOS'!$A:$C,3,0) -> DANILO GOMES DA SILVA
A34: 5357770777860 | B34: 999881992204107 | C34: Fechado|已关闭 | D34: [LATAM] Delivery progress enquiry | E34: 2026-09-15 07:58:56 | F34: RAO 03-SP | G34: SPN | H34: 2026-09-15 14:27:03 | I34: Sim | J34: =VLOOKUP(F34,'[1]BASE DE DADOS'!$A:$C,3,0) -> DANILO GOMES DA SILVA
A35: 5357672201220 | B35: 999882023838380 | C35: Fechado|已关闭 | D35: [LATAM] Delivery progress enquiry | E35: 2026-09-15 08:04:40 | F35: ARU 02-SP | G35: SPN | H35: 2026-09-15 14:32:31 | I35: Sim | J35: =VLOOKUP(F35,'[1]BASE DE DADOS'!$A:$C,3,0) -> THIAGO SANTOS SILVA
A36: 5358373841668 | B36: 999881948436729 | C36: Fechado|已关闭 | D36: [LATAM] Delivery progress enquiry | E36: 2026-09-15 08:05:25 | F36: SJP 02-SP | G36: SPN | H36: 2026-09-15 13:36:29 | I36: Sim | J36: =VLOOKUP(F36,'[1]BASE DE DADOS'!$A:$C,3,0) -> DANILO GOMES DA SILVA
A37: 5357692568580 | B37: 999881974144161 | C37: Fechado|已关闭 | D37: [LATAM] Delivery progress enquiry | E37: 2026-09-15 08:09:17 | F37: SJP 04-SP | G37: SPN | H37: 2026-09-15 13:39:14 | I37: Sim | J37: =VLOOKUP(F37,'[1]BASE DE DADOS'!$A:$C,3,0) -> DANILO GOMES DA SILVA
A38: 5356228612612 | B38: 999881998533227 | C38: Fechado|已关闭 | D38: [LATAM] Delivery progress enquiry | E38: 2026-09-15 08:10:22 | F38: SJP 03-SP | G38: SPN | H38: 2026-09-15 08:18:18 | I38: Sim | J38: =VLOOKUP(F38,'[1]BASE DE DADOS'!$A:$C,3,0) -> DANILO GOMES DA SILVA
A39: 5358042965764 | B39: 999882036498472 | C39: Fechado|已关闭 | D39: [LATAM] Delivery progress enquiry | E39: 2026-09-15 08:13:47 | F39: F RAO 02-SP | G39: SPN | H39: 2026-09-15 16:01:12 | I39: Sim | J39: =VLOOKUP(F39,'[1]BASE DE DADOS'!$A:$C,3,0) -> DANILO GOMES DA SILVA
A40: 5357595866884 | B40: 999882004246447 | C40: Fechado|已关闭 | D40: [LATAM] Delivery progress enquiry | E40: 2026-09-15 08:17:13 | F40: PDR-SP | G40: SPN | H40: 0 | I40: Não | J40: =VLOOKUP(F40,'[1]BASE DE DADOS'!$A:$C,3,0) -> THIAGO SANTOS SILVA
A41: 5357411547652 | B41: 999882003387435 | C41: Fechado|已关闭 | D41: [LATAM] Delivery progress enquiry | E41: 2026-09-15 08:18:00 | F41: BAU 04-SP | G41: SPN | H41: 0 | I41: Não | J41: =VLOOKUP(F41,'[1]BASE DE DADOS'!$A:$C,3,0) -> THIAGO SANTOS SILVA
A42: 5357840329476 | B42: 999881970497597 | C42: Fechado|已关闭 | D42: [LATAM] Delivery progress enquiry | E42: 2026-09-15 08:18:18 | F42: AVR-SP | G42: SPN | H42: 2026-09-15 22:46:52 | I42: Sim | J42: =VLOOKUP(F42,'[1]BASE DE DADOS'!$A:$C,3,0) -> THIAGO SANTOS SILVA
A43: 5357322255876 | B43: 999882016954345 | C43: Fechado|已关闭 | D43: [LATAM] Delivery progress enquiry | E43: 2026-09-15 08:26:52 | F43: F LNS-SP | G43: SPN | H43: 2026-09-15 18:16:45 | I43: Sim | J43: =VLOOKUP(F43,'[1]BASE DE DADOS'!$A:$C,3,0) -> THIAGO SANTOS SILVA
A44: 5356229670148 | B44: 999881985036628 | C44: Fechado|已关闭 | D44: [LATAM] Delivery progress enquiry | E44: 2026-09-15 08:27:20 | F44: SJP 04-SP | G44: SPN | H44: 2026-09-15 14:00:24 | I44: Sim | J44: =VLOOKUP(F44,'[1]BASE DE DADOS'!$A:$C,3,0) -> DANILO GOMES DA SILVA
A45: 5357391028484 | B45: 999882009036025 | C45: Fechado|已关闭 | D45: [LATAM] Delivery progress enquiry | E45: 2026-09-15 08:27:53 | F45: MII-SP | G45: SPN | H45: 0 | I45: Não | J45: =VLOOKUP(F45,'[1]BASE DE DADOS'!$A:$C,3,0) -> THIAGO SANTOS SILVA
A46: 5358380759556 | B46: 999881943227091 | C46: Fechado|已关闭 | D46: [LATAM] Delivery progress enquiry | E46: 2026-09-15 08:27:55 | F46: F OUR-SP | G46: SPN | H46: 2026-09-15 18:00:19 | I46: Sim | J46: =VLOOKUP(F46,'[1]BASE DE DADOS'!$A:$C,3,0) -> THIAGO SANTOS SILVA
A47: 5357693078020 | B47: 999882006490953 | C47: Fechado|已关闭 | D47: [LATAM] Delivery progress enquiry | E47: 2026-09-15 08:28:42 | F47: FRC 03-SP | G47: SPN | H47: 0 | I47: Não | J47: =VLOOKUP(F47,'[1]BASE DE DADOS'!$A:$C,3,0) -> DANILO GOMES DA SILVA
A48: 5358661821188 | B48: 999882020716007 | C48: Fechado|已关闭 | D48: [LATAM] Delivery progress enquiry | E48: 2026-09-15 08:33:45 | F48: SCL-SP | G48: SPN | H48: 2026-09-15 09:51:34 | I48: Sim | J48: =VLOOKUP(F48,'[1]BASE DE DADOS'!$A:$C,3,0) -> DANILO GOMES DA SILVA
A49: 5358388779012 | B49: 999882011459929 | C49: Processamento concluído|处理完成 | D49: [LATAM] Delivery progress enquiry | E49: 2026-09-15 08:36:03 | F49: BAU 04-SP | G49: SPN | H49: 0 | I49: Não | J49: =VLOOKUP(F49,'[1]BASE DE DADOS'!$A:$C,3,0) -> THIAGO SANTOS SILVA
A50: 5356230057732 | B50: 999882026171306 | C50: Fechado|已关闭 | D50: [LATAM] Delivery progress enquiry | E50: 2026-09-15 08:36:29 | F50: FRC 03-SP | G50: SPN | H50: 2026-09-15 18:35:54 | I50: Sim | J50: =VLOOKUP(F50,'[1]BASE DE DADOS'!$A:$C,3,0) -> DANILO GOMES DA SILVA
A51: 5357391319044 | B51: 999881961884985 | C51: Fechado|已关闭 | D51: [LATAM] Delivery progress enquiry | E51: 2026-09-15 08:38:20 | F51: F ASI-SP | G51: SPN | H51: 2026-09-15 16:38:11 | I51: Sim | J51: =VLOOKUP(F51,'[1]BASE DE DADOS'!$A:$C,3,0) -> THIAGO SANTOS SILVA
A52: 5357845274628 | B52: 999881991555955 | C52: Fechado|已关闭 | D52: [LATAM] Delivery progress enquiry | E52: 2026-09-15 08:38:48 | F52: F CTD-SP | G52: SPN | H52: 2026-09-15 14:04:03 | I52: Sim | J52: =VLOOKUP(F52,'[1]BASE DE DADOS'!$A:$C,3,0) -> DANILO GOMES DA SILVA
A53: 5357329152260 | B53: 999882007443296 | C53: Processamento concluído|处理完成 | D53: [LATAM] Delivery progress enquiry | E53: 2026-09-15 08:41:36 | F53: BBD-SP | G53: SPN | H53: 0 | I53: Não | J53: =VLOOKUP(F53,'[1]BASE DE DADOS'!$A:$C,3,0) -> DANILO GOMES DA SILVA
A54: 5356245618948 | B54: 999882005396685 | C54: Fechado|已关闭 | D54: [LATAM] Delivery progress enquiry | E54: 2026-09-15 08:41:49 | F54: F VTP-SP | G54: SPN | H54: 0 | I54: Não | J54: =VLOOKUP(F54,'[1]BASE DE DADOS'!$A:$C,3,0) -> DANILO GOMES DA SILVA
A55: 5357606110980 | B55: 999882000477129 | C55: Fechado|已关闭 | D55: [LATAM] Delivery progress enquiry | E55: 2026-09-15 08:51:14 | F55: F RAO 02-SP | G55: SPN | H55: 2026-09-15 15:46:57 | I55: Sim | J55: =VLOOKUP(F55,'[1]BASE DE DADOS'!$A:$C,3,0) -> DANILO GOMES DA SILVA
A56: 5358564795140 | B56: 999881943542516 | C56: Fechado|已关闭 | D56: [LATAM] Delivery progress enquiry | E56: 2026-09-15 08:52:59 | F56: SJP-SP | G56: SPN | H56: 2026-09-15 13:19:56 | I56: Sim | J56: =VLOOKUP(F56,'[1]BASE DE DADOS'!$A:$C,3,0) -> DANILO GOMES DA SILVA
A57: 5358479008004 | B57: 999882047075544 | C57: Processamento concluído|处理完成 | D57: [LATAM] Delivery progress enquiry | E57: 2026-09-15 08:56:19 | F57: RAO 02-SP | G57: SPN | H57: 2026-09-16 11:05:56 | I57: Sim | J57: =VLOOKUP(F57,'[1]BASE DE DADOS'!$A:$C,3,0) -> DANILO GOMES DA SILVA
A58: 5357322103300 | B58: 999881983936915 | C58: Fechado|已关闭 | D58: [LATAM] Delivery progress enquiry | E58: 2026-09-15 08:58:53 | F58: F AND-SP | G58: SPN | H58: 2026-09-15 17:13:27 | I58: Sim | J58: =VLOOKUP(F58,'[1]BASE DE DADOS'!$A:$C,3,0) -> THIAGO SANTOS SILVA
A59: 5357845951492 | B59: 999882010874475 | C59: Fechado|已关闭 | D59: [LATAM] Delivery progress enquiry | E59: 2026-09-15 09:00:35 | F59: F LCP-SP | G59: SPN | H59: 2026-09-15 14:10:19 | I59: Sim | J59: =VLOOKUP(F59,'[1]BASE DE DADOS'!$A:$C,3,0) -> THIAGO SANTOS SILVA
A60: 5357347240452 | B60: 999881956520940 | C60: Fechado|已关闭 | D60: [LATAM] Delivery progress enquiry | E60: 2026-09-15 09:04:37 | F60: CPE-SP | G60: SPN | H60: 2026-09-15 12:21:39 | I60: Sim | J60: =VLOOKUP(F60,'[1]BASE DE DADOS'!$A:$C,3,0) -> DANILO GOMES DA SILVA
A61: 5358576494084 | B61: 999882045216961 | C61: Fechado|已关闭 | D61: [LATAM] Delivery progress enquiry | E61: 2026-09-15 09:06:50 | F61: DCN SP | G61: SPN | H61: 2026-09-15 12:34:43 | I61: Sim | J61: =VLOOKUP(F61,'[1]BASE DE DADOS'!$A:$C,3,0) -> THIAGO SANTOS SILVA
A62: 5357323767044 | B62: 999881984811348 | C62: Fechado|已关闭 | D62: [LATAM] Delivery progress enquiry | E62: 2026-09-15 09:09:19 | F62: AVR-SP | G62: SPN | H62: 2026-09-15 13:32:10 | I62: Sim | J62: =VLOOKUP(F62,'[1]BASE DE DADOS'!$A:$C,3,0) -> THIAGO SANTOS SILVA
A63: 5358929142276 | B63: 999882020545489 | C63: Fechado|已关闭 | D63: [LATAM] Delivery progress enquiry | E63: 2026-09-15 09:10:11 | F63: SJP 03-SP | G63: SPN | H63: 2026-09-15 12:55:02 | I63: Sim | J63: =VLOOKUP(F63,'[1]BASE DE DADOS'!$A:$C,3,0) -> DANILO GOMES DA SILVA
A64: 5357345561604 | B64: 999882000647735 | C64: Fechado|已关闭 | D64: [LATAM] Delivery progress enquiry | E64: 2026-09-15 09:13:00 | F64: FRC 02-SP | G64: SPN | H64: 2026-09-15 10:54:30 | I64: Sim | J64: =VLOOKUP(F64,'[1]BASE DE DADOS'!$A:$C,3,0) -> DANILO GOMES DA SILVA
A65: 5358930943492 | B65: 999882076431511 | C65: Fechado|已关闭 | D65: [LATAM] Delivery progress enquiry | E65: 2026-09-15 09:13:07 | F65: BTT-SP | G65: SPN | H65: 2026-09-15 11:11:37 | I65: Sim | J65: =VLOOKUP(F65,'[1]BASE DE DADOS'!$A:$C,3,0) -> DANILO GOMES DA SILVA
A66: 5357164950788 | B66: 999882045452873 | C66: Fechado|已关闭 | D66: [LATAM] Delivery progress enquiry | E66: 2026-09-15 09:14:36 | F66: F RCR-SP | G66: SPN | H66: 2026-09-15 11:37:49 | I66: Sim | J66: =VLOOKUP(F66,'[1]BASE DE DADOS'!$A:$C,3,0) -> THIAGO SANTOS SILVA
A67: 5358235231492 | B67: 999881989659667 | C67: Processamento concluído|处理完成 | D67: [LATAM] Delivery progress enquiry | E67: 2026-09-15 09:14:40 | F67: SCL-SP | G67: SPN | H67: 0 | I67: Não | J67: =VLOOKUP(F67,'[1]BASE DE DADOS'!$A:$C,3,0) -> DANILO GOMES DA SILVA
A68: 5358515808260 | B68: 999881952584865 | C68: Fechado|已关闭 | D68: [LATAM] Delivery progress enquiry | E68: 2026-09-15 09:17:50 | F68: SJP 03-SP | G68: SPN | H68: 0 | I68: Não | J68: =VLOOKUP(F68,'[1]BASE DE DADOS'!$A:$C,3,0) -> DANILO GOMES DA SILVA
A69: 5357165160452 | B69: 999882024973431 | C69: Fechado|已关闭 | D69: [LATAM] Delivery progress enquiry | E69: 2026-09-15 09:19:59 | F69: SJP 03-SP | G69: SPN | H69: 2026-09-15 14:54:08 | I69: Sim | J69: =VLOOKUP(F69,'[1]BASE DE DADOS'!$A:$C,3,0) -> DANILO GOMES DA SILVA
A70: 5358485794820 | B70: 999882009571619 | C70: Fechado|已关闭 | D70: [LATAM] Delivery progress enquiry | E70: 2026-09-15 09:20:00 | F70: F AMB-SP | G70: SPN | H70: 2026-09-15 10:58:30 | I70: Sim | J70: =VLOOKUP(F70,'[1]BASE DE DADOS'!$A:$C,3,0) -> DANILO GOMES DA SILVA
A71: 5358236503812 | B71: 999882012425035 | C71: Fechado|已关闭 | D71: [LATAM] Delivery progress enquiry | E71: 2026-09-15 09:21:37 | F71: ARU-SP | G71: SPN | H71: 2026-09-15 14:59:53 | I71: Sim | J71: =VLOOKUP(F71,'[1]BASE DE DADOS'!$A:$C,3,0) -> THIAGO SANTOS SILVA
A72: 5358515998724 | B72: 999881959622034 | C72: Fechado|已关闭 | D72: [LATAM] Delivery progress enquiry | E72: 2026-09-15 09:23:24 | F72: CPE-SP | G72: SPN | H72: 2026-09-15 11:33:27 | I72: Sim | J72: =VLOOKUP(F72,'[1]BASE DE DADOS'!$A:$C,3,0) -> DANILO GOMES DA SILVA
A73: 5358405418244 | B73: 999882036912995 | C73: Fechado|已关闭 | D73: [LATAM] Delivery progress enquiry | E73: 2026-09-15 09:27:13 | F73: RAO-SP | G73: SPN | H73: 2026-09-15 15:15:32 | I73: Sim | J73: =VLOOKUP(F73,'[1]BASE DE DADOS'!$A:$C,3,0) -> DANILO GOMES DA SILVA
A74: 5359568041988 | B74: 999881979721674 | C74: Fechado|已关闭 | D74: [LATAM] Delivery progress enquiry | E74: 2026-09-15 09:28:59 | F74: BAU 03-SP | G74: SPN | H74: 2026-09-15 16:31:57 | I74: Sim | J74: =VLOOKUP(F74,'[1]BASE DE DADOS'!$A:$C,3,0) -> THIAGO SANTOS SILVA
A75: 5358688971012 | B75: 999882044954551 | C75: Fechado|已关闭 | D75: [LATAM] Delivery progress enquiry | E75: 2026-09-15 09:35:08 | F75: BGI-SP | G75: SPN | H75: 2026-09-15 09:52:47 | I75: Sim | J75: =VLOOKUP(F75,'[1]BASE DE DADOS'!$A:$C,3,0) -> THIAGO SANTOS SILVA
A76: 5358405863940 | B76: 999882031852207 | C76: Fechado|已关闭 | D76: [LATAM] Delivery progress enquiry | E76: 2026-09-15 09:37:53 | F76: BAU 02-SP | G76: SPN | H76: 2026-09-15 17:21:28 | I76: Sim | J76: =VLOOKUP(F76,'[1]BASE DE DADOS'!$A:$C,3,0) -> THIAGO SANTOS SILVA
A77: 5358076715012 | B77: 999881943740521 | C77: Fechado|已关闭 | D77: [LATAM] Delivery progress enquiry | E77: 2026-09-15 09:38:08 | F77: F GRC-SP | G77: SPN | H77: 2026-09-15 09:34:11 | I77: Sim | J77: =VLOOKUP(F77,'[1]BASE DE DADOS'!$A:$C,3,0) -> THIAGO SANTOS SILVA
A78: 5358837930244 | B78: 999882033085770 | C78: Fechado|已关闭 | D78: [LATAM] Delivery progress enquiry | E78: 2026-09-15 09:39:11 | F78: CPE-SP | G78: SPN | H78: 2026-09-15 15:07:12 | I78: Sim | J78: =VLOOKUP(F78,'[1]BASE DE DADOS'!$A:$C,3,0) -> DANILO GOMES DA SILVA
A79: 5359480984324 | B79: 999882030490650 | C79: Processamento concluído|处理完成 | D79: [LATAM] Delivery progress enquiry | E79: 2026-09-15 09:42:45 | F79: F AUR-SP | G79: SPN | H79: 2026-09-16 09:31:31 | I79: Sim | J79: =VLOOKUP(F79,'[1]BASE DE DADOS'!$A:$C,3,0) -> THIAGO SANTOS SILVA
A80: 5357798260996 | B80: 999881994243279 | C80: Fechado|已关闭 | D80: [LATAM] Delivery progress enquiry | E80: 2026-09-15 09:43:19 | F80: ARU-SP | G80: SPN | H80: 2026-09-15 12:16:12 | I80: Sim | J80: =VLOOKUP(F80,'[1]BASE DE DADOS'!$A:$C,3,0) -> THIAGO SANTOS SILVA
... A88: 5359668137732 | B88: 999882045639390 | C88: Fechado|已关闭 | D88: [LATAM] Delivery progress enquiry | E88: 2026-09-15 10:02:52 | F88: BAU 04-SP | G88: SPN | H88: 2026-09-15 10:48:25 | I88: Sim | J88: =VLOOKUP(F88,'[1]BASE DE DADOS'!$A:$C,3,0) -> THIAGO SANTOS SILVA
A89: 5358867594756 | B89: 999882036359524 | C89: Processamento concluído|处理完成 | D89: [LATAM] Delivery progress enquiry | E89: 2026-09-15 10:07:35 | F89: ARA-SP | G89: SPN | H89: 0 | I89: Não | J89: =VLOOKUP(F89,'[1]BASE DE DADOS'!$A:$C,3,0) -> DANILO GOMES DA SILVA
A90: 5359481845508 | B90: 999882047243618 | C90: Fechado|已关闭 | D90: [LATAM] Delivery progress enquiry | E90: 2026-09-15 10:09:24 | F90: F MAP-SP | G90: SPN | H90: 2026-09-15 13:18:33 | I90: Sim | J90: =VLOOKUP(F90,'[1]BASE DE DADOS'!$A:$C,3,0) -> DANILO GOMES DA SILVA
A91: 5358867755780 | B91: 999882000736174 | C91: Processamento concluído|处理完成 | D91: [LATAM] Delivery progress enquiry | E91: 2026-09-15 10:11:15 | F91: RAO-SP | G91: SPN | H91: 0 | I91: Não | J91: =VLOOKUP(F91,'[1]BASE DE DADOS'!$A:$C,3,0) -> DANILO GOMES DA SILVA
A92: 5358860381956 | B92: 999882028379935 | C92: Fechado|已关闭 | D92: [LATAM] Delivery progress enquiry | E92: 2026-09-15 10:13:28 | F92: F IBG-SP | G92: SPN | H92: 2026-09-15 13:19:44 | I92: Sim | J92: =VLOOKUP(F92,'[1]BASE DE DADOS'!$A:$C,3,0) -> THIAGO SANTOS SILVA
A93: 5358717409540 | B93: 999881939285292 | C93: Fechado|已关闭 | D93: [LATAM] Delivery progress enquiry | E93: 2026-09-15 10:14:25 | F93: CPE-SP | G93: SPN | H93: 2026-09-15 10:46:31 | I93: Sim | J93: =VLOOKUP(F93,'[1]BASE DE DADOS'!$A:$C,3,0) -> DANILO GOMES DA SILVA
A94: 5358867896580 | B94: 999882012059861 | C94: Fechado|已关闭 | D94: [LATAM] Delivery progress enquiry | E94: 2026-09-15 10:14:35 | F94: F PRP-SP | G94: SPN | H94: 2026-09-15 11:55:42 | I94: Sim | J94: =VLOOKUP(F94,'[1]BASE DE DADOS'!$A:$C,3,0) -> THIAGO SANTOS SILVA
A95: 5359843624196 | B95: 999882035453195 | C95: Fechado|已关闭 | D95: [LATAM] Delivery progress enquiry | E95: 2026-09-15 10:14:37 | F95: F LNS-SP | G95: SPN | H95: 2026-09-15 14:41:17 | I95: Sim | J95: =VLOOKUP(F95,'[1]BASE DE DADOS'!$A:$C,3,0) -> THIAGO SANTOS SILVA
A96: 5359846451204 | B96: 999881943675297 | C96: Fechado|已关闭 | D96: [LATAM] Delivery progress enquiry | E96: 2026-09-15 10:16:43 | F96: F LNS-SP | G96: SPN | H96: 2026-09-15 13:02:30 | I96: Sim | J96: =VLOOKUP(F96,'[1]BASE DE DADOS'!$A:$C,3,0) -> THIAGO SANTOS SILVA
A97: 5360304513796 | B97: 999882033667829 | C97: Processamento concluído|处理完成 | D97: [LATAM] Delivery progress enquiry | E97: 2026-09-15 10:17:02 | F97: ARA-SP | G97: SPN | H97: 0 | I97: Não | J97: =VLOOKUP(F97,'[1]BASE DE DADOS'!$A:$C,3,0) -> DANILO GOMES DA SILVA
A98: 5358615056900 | B98: 999881968345334 | C98: Fechado|已关闭 | D98: [LATAM] Delivery progress enquiry | E98: 2026-09-15 10:17:51 | F98: F OLI-SP | G98: SPN | H98: 2026-09-15 11:52:42 | I98: Sim | J98: =VLOOKUP(F98,'[1]BASE DE DADOS'!$A:$C,3,0) -> DANILO GOMES DA SILVA
A99: 5360304716036 | B99: 999882014809624 | C99: Fechado|已关闭 | D99: [LATAM] Delivery progress enquiry | E99: 2026-09-15 10:23:16 | F99: F TQA-SP | G99: SPN | H99: 2026-09-15 16:03:35 | I99: Sim | J99: =VLOOKUP(F99,'[1]BASE DE DADOS'!$A:$C,3,0) -> DANILO GOMES DA SILVA
A100: 5359844055556 | B100: 999882013809446 | C100: Fechado|已关闭 | D100: [LATAM] Delivery progress enquiry | E100: 2026-09-15 10:25:20 | F100: F BAT-SP | G100: SPN | H100: 2026-09-15 22:22:55 | I100: Sim | J100: =VLOOKUP(F100,'[1]BASE DE DADOS'!$A:$C,3,0) -> DANILO GOMES DA SILVA
A101: 5359496598788 | B101: 999881961767494 | C101: Fechado|已关闭 | D101: [LATAM] Delivery progress enquiry | E101: 2026-09-15 10:31:10 | F101: F TQT-SP | G101: SPN | H101: 2026-09-15 19:17:12 | I101: Sim | J101: =VLOOKUP(F101,'[1]BASE DE DADOS'!$A:$C,3,0) -> THIAGO SANTOS SILVA
A102: 5358272998660 | B102: 999881983781292 | C102: Fechado|已关闭 | D102: [LATAM] Delivery progress enquiry | E102: 2026-09-15 10:32:32 | F102: F NVG-SP | G102: SPN | H102: 2026-09-15 11:29:48 | I102: Sim | J102: =VLOOKUP(F102,'[1]BASE DE DADOS'!$A:$C,3,0) -> DANILO GOMES DA SILVA
A103: 5358868718596 | B103: 999881965038575 | C103: Fechado|已关闭 | D103: [LATAM] Delivery progress enquiry | E103: 2026-09-15 10:33:41 | F103: F NVG-SP | G103: SPN | H103: 2026-09-15 11:29:48 | I103: Sim | J103: =VLOOKUP(F103,'[1]BASE DE DADOS'!$A:$C,3,0) -> DANILO GOMES DA SILVA
A104: 5358970905604 | B104: 999882037639259 | C104: Fechado|已关闭 | D104: [LATAM] Delivery progress enquiry | E104: 2026-09-15 10:33:59 | F104: FERN-SP | G104: SPN | H104: 2026-09-15 14:27:53 | I104: Sim | J104: =VLOOKUP(F104,'[1]BASE DE DADOS'!$A:$C,3,0) -> DANILO GOMES DA SILVA
A105: 5358419761156 | B105: 999881980926236 | C105: Fechado|已关闭 | D105: [LATAM] Delivery progress enquiry | E105: 2026-09-15 10:34:32 | F105: F NVG-SP | G105: SPN | H105: 2026-09-15 11:29:48 | I105: Sim | J105: =VLOOKUP(F105,'[1]BASE DE DADOS'!$A:$C,3,0) -> DANILO GOMES DA SILVA
A106: 5359573825284 | B106: 999881965818385 | C106: Fechado|已关闭 | D106: [LATAM] Delivery progress enquiry | E106: 2026-09-15 10:36:57 | F106: RAO-SP | G106: SPN | H106: 2026-09-15 15:39:40 | I106: Sim | J106: =VLOOKUP(F106,'[1]BASE DE DADOS'!$A:$C,3,0) -> DANILO GOMES DA SILVA
A107: 5359847389700 | B107: 999882001952231 | C107: Fechado|已关闭 | D107: [LATAM] Delivery progress enquiry | E107: 2026-09-15 10:38:09 | F107: FERN-SP | G107: SPN | H107: 2026-09-15 11:15:05 | I107: Sim | J107: =VLOOKUP(F107,'[1]BASE DE DADOS'!$A:$C,3,0) -> DANILO GOMES DA SILVA
...

Sheet ultima atualização
A1: TAXA DE ASSINATURA 1BD
A2: RM | B2: Base | C2: Taxa de assinatura em 1BD | D2: Total | E2: Assinado | F2: Não Assinado
A3: RM | B3: 网点 | C3: 1BD签收率 | D3: 合计 | E3: 已签收 | F3: 未签收
A4: Thiago Santos | B4: PPB-SP | C4: 0.18181818 | D4: 22 | E4: 4 | F4: 18
A5: Thiago Santos | B5: BAU 04-SP | C5: 0.47058824 | D5: 17 | E5: 8 | F5: 9
A6: Danilo Gomes | B6: ARA-SP | C6: 0.125 | D6: 8 | E6: 1 | F6: 7
A7: Danilo Gomes | B7: FRC 03-SP | C7: 0.41666667 | D7: 12 | E7: 5 | F7: 7
A8: Thiago Santos | B8: BGI-SP | C8: 0.45454545 | D8: 11 | E8: 5 | F8: 6
A9: Thiago Santos | B9: BTC-SP | C9: 0.5 | D9: 10 | E9: 5 | F9: 5
A10: Thiago Santos | B10: F AUR-SP | C10: 0 | D10: 5 | E10: 0 | F10: 5
A11: Danilo Gomes | B11: RAO 02-SP | C11: 0.2 | D11: 5 | E11: 1 | F11: 4
A12: Danilo Gomes | B12: CPE-SP | C12: 0.78571429 | D12: 14 | E12: 11 | F12: 3
A13: Thiago Santos | B13: F ASI-SP | C13: 0.5 | D13: 6 | E13: 3 | F13: 3
A14: Danilo Gomes | B14: F RAO 02-SP | C14: 0.5 | D14: 6 | E14: 3 | F14: 3
A15: Danilo Gomes | B15: SJP 03-SP | C15: 0.85 | D15: 20 | E15: 17 | F15: 3
... A78: Danilo Gomes | B78: F ORS-SP | C78: 1 | D78: 2 | E78: 2 | F78: 0

Sheet RM
A1: Base | B1: Responsável
A2: F ITI-SP | B2: Thiago Santos
A3: AVR-SP | B3: Thiago Santos
A4: F TQT-SP | B4: Thiago Santos
A5: F OUR-SP | B5: Thiago Santos
A6: F TGI-SP | B6: Thiago Santos
A7: F STC-SP | B7: Thiago Santos
A8: DCN SP | B8: Thiago Santos
A9: PPB-SP | B9: Thiago Santos
A10: F OSW-SP | B10: Thiago Santos
A11: F ADM-SP | B11: Thiago Santos
A12: F MTN-SP | B12: Thiago Santos
... A117: F PRJ-SP | B117: Thiago Santos
